Workbook

Sheet Planilha1
A1: CODMUNRES | B1: MUNICIPIO | C1: UF
A2: 355030 | B2: =VLOOKUP(A2,Planilha2!$A$2:$C$5566,3,0) -> SÃO PAULO | C2: =VLOOKUP(A2,Planilha2!$A$2:$D$5566,4,0) -> SP
A3: 120030 | B3: =VLOOKUP(A3,Planilha2!$A$2:$C$5566,3,0) -> FEIJÓ | C3: =VLOOKUP(A3,Planilha2!$A$2:$D$5566,4,0) -> AC
A4: 251600 | B4: =VLOOKUP(A4,Planilha2!$A$2:$C$5566,3,0) -> SOLÂNEA | C4: =VLOOKUP(A4,Planilha2!$A$2:$D$5566,4,0) -> PB
A5: 260290 | B5: =VLOOKUP(A5,Planilha2!$A$2:$C$5566,3,0) -> CABO DE SANTO AGOSTINHO | C5: =VLOOKUP(A5,Planilha2!$A$2:$D$5566,4,0) -> PE
A6: 230210 | B6: =VLOOKUP(A6,Planilha2!$A$2:$C$5566,3,0) -> BATURITÉ | C6: =VLOOKUP(A6,Planilha2!$A$2:$D$5566,4,0) -> CE
A7: 221100 | B7: =VLOOKUP(A7,Planilha2!$A$2:$C$5566,3,0) -> TERESINA | C7: =VLOOKUP(A7,Planilha2!$A$2:$D$5566,4,0) -> PI
A8: 171330 | B8: =VLOOKUP(A8,Planilha2!$A$2:$C$5566,3,0) -> MIRANORTE | C8: =VLOOKUP(A8,Planilha2!$A$2:$D$5566,4,0) -> TO
A9: 110010 | B9: =VLOOKUP(A9,Planilha2!$A$2:$C$5566,3,0) -> GUAJARÁ-MIRIM | C9: =VLOOKUP(A9,Planilha2!$A$2:$D$5566,4,0) -> RO
A10: 140010 | B10: =VLOOKUP(A10,Planilha2!$A$2:$C$5566,3,0) -> BOA VISTA | C10: =VLOOKUP(A10,Planilha2!$A$2:$D$5566,4,0) -> RR
A11: 320240 | B11: =VLOOKUP(A11,Planilha2!$A$2:$C$5566,3,0) -> GUARAPARI | C11: =VLOOKUP(A11,Planilha2!$A$2:$D$5566,4,0) -> ES
A12: 320380 | B12: =VLOOKUP(A12,Planilha2!$A$2:$C$5566,3,0) -> MUQUI | C12: =VLOOKUP(A12,Planilha2!$A$2:$D$5566,4,0) -> ES
A13: 352420 | B13: =VLOOKUP(A13,Planilha2!$A$2:$C$5566,3,0) -> JABORANDI | C13: =VLOOKUP(A13,Planilha2!$A$2:$D$5566,4,0) -> SP
... A92: 110028 | B92: =VLOOKUP(A92,Planilha2!$A$2:$C$5566,3,0) -> ROLIM DE MOURA | C92: =VLOOKUP(A92,Planilha2!$A$2:$D$5566,4,0) -> RO
A93: 110001 | B93: =VLOOKUP(A93,[1]IBGE!A$2:B$27,2,0) -> Alta Floresta D'Oeste | C93: =VLOOKUP(A93,[1]IBGE!A$2:C$27,3,0) -> RO
A94: 110008 | B94: =VLOOKUP(A94,Planilha2!$A$2:$C$5566,3,0) -> COSTA MARQUES | C94: =VLOOKUP(A94,Planilha2!$A$2:$D$5566,4,0) -> RO
A95: 130260 | B95: =VLOOKUP(A95,Planilha2!$A$2:$C$5566,3,0) -> MANAUS | C95: =VLOOKUP(A95,Planilha2!$A$2:$D$5566,4,0) -> AM
A96: 130010 | B96: =VLOOKUP(A96,Planilha2!$A$2:$C$5566,3,0) -> ANORI | C96: =VLOOKUP(A96,Planilha2!$A$2:$D$5566,4,0) -> AM
A97: 130360 | B97: =VLOOKUP(A97,Planilha2!$A$2:$C$5566,3,0) -> SANTA ISABEL DO RIO NEGRO | C97: =VLOOKUP(A97,Planilha2!$A$2:$D$5566,4,0) -> AM
A98: 130120 | B98: =VLOOKUP(A98,Planilha2!$A$2:$C$5566,3,0) -> COARI | C98: =VLOOKUP(A98,Planilha2!$A$2:$D$5566,4,0) -> AM
A99: 130180 | B99: =VLOOKUP(A99,Planilha2!$A$2:$C$5566,3,0) -> IPIXUNA | C99: =VLOOKUP(A99,Planilha2!$A$2:$D$5566,4,0) -> AM
A100: 130390 | B100: =VLOOKUP(A100,Planilha2!$A$2:$C$5566,3,0) -> SÃO PAULO DE OLIVENÇA | C100: =VLOOKUP(A100,Planilha2!$A$2:$D$5566,4,0) -> AM
A101: 130014 | B101: =VLOOKUP(A101,Planilha2!$A$2:$C$5566,3,0) -> APUÍ | C101: =VLOOKUP(A101,Planilha2!$A$2:$D$5566,4,0) -> AM
A102: 130420 | B102: =VLOOKUP(A102,Planilha2!$A$2:$C$5566,3,0) -> TEFÉ | C102: =VLOOKUP(A102,Planilha2!$A$2:$D$5566,4,0) -> AM
A103: 130320 | B103: =VLOOKUP(A103,Planilha2!$A$2:$C$5566,3,0) -> NOVO AIRÃO | C103: =VLOOKUP(A103,Planilha2!$A$2:$D$5566,4,0) -> AM
A104: 130190 | B104: =VLOOKUP(A104,Planilha2!$A$2:$C$5566,3,0) -> ITACOATIARA | C104: =VLOOKUP(A104,Planilha2!$A$2:$D$5566,4,0) -> AM
A105: 130250 | B105: =VLOOKUP(A105,Planilha2!$A$2:$C$5566,3,0) -> MANACAPURU | C105: =VLOOKUP(A105,Planilha2!$A$2:$D$5566,4,0) -> AM
... A986: 290405 | B986: =VLOOKUP(A986,Planilha2!$A$2:$C$5566,3,0) -> BONITO | C986: =VLOOKUP(A986,Planilha2!$A$2:$D$5566,4,0) -> BA
A987: 290000 | B987: =VLOOKUP(A987,[1]IBGE!A$2:B$27,2,0) -> - | C987: =VLOOKUP(A987,[1]IBGE!A$2:C$27,3,0) -> BA
A988: 291780 | B988: =VLOOKUP(A988,Planilha2!$A$2:$C$5566,3,0) -> JAGUARIPE | C988: =VLOOKUP(A988,Planilha2!$A$2:$D$5566,4,0) -> BA
A989: 291005 | B989: =VLOOKUP(A989,Planilha2!$A$2:$C$5566,3,0) -> DIAS D`ÁVILA | C989: =VLOOKUP(A989,Planilha2!$A$2:$D$5566,4,0) -> BA
A990: 290930 | B990: =VLOOKUP(A990,Planilha2!$A$2:$C$5566,3,0) -> CORRENTINA | C990: =VLOOKUP(A990,Planilha2!$A$2:$D$5566,4,0) -> BA
A991: 290400 | B991: =VLOOKUP(A991,Planilha2!$A$2:$C$5566,3,0) -> BONINAL | C991: =VLOOKUP(A991,Planilha2!$A$2:$D$5566,4,0) -> BA
A992: 292590 | B992: =VLOOKUP(A992,Planilha2!$A$2:$C$5566,3,0) -> QUIJINGUE | C992: =VLOOKUP(A992,Planilha2!$A$2:$D$5566,4,0) -> BA
A993: 292210 | B993: =VLOOKUP(A993,Planilha2!$A$2:$C$5566,3,0) -> MUNDO NOVO | C993: =VLOOKUP(A993,Planilha2!$A$2:$D$5566,4,0) -> BA
A994: 292430 | B994: =VLOOKUP(A994,Planilha2!$A$2:$C$5566,3,0) -> PIATÃ | C994: =VLOOKUP(A994,Planilha2!$A$2:$D$5566,4,0) -> BA
A995: 292480 | B995: =VLOOKUP(A995,Planilha2!$A$2:$C$5566,3,0) -> PIRITIBA | C995: =VLOOKUP(A995,Planilha2!$A$2:$D$5566,4,0) -> BA
A996: 292140 | B996: =VLOOKUP(A996,Planilha2!$A$2:$C$5566,3,0) -> MIRANGABA | C996: =VLOOKUP(A996,Planilha2!$A$2:$D$5566,4,0) -> BA
A997: 291750 | B997: =VLOOKUP(A997,Planilha2!$A$2:$C$5566,3,0) -> JACOBINA | C997: =VLOOKUP(A997,Planilha2!$A$2:$D$5566,4,0) -> BA
A998: 293120 | B998: =VLOOKUP(A998,Planilha2!$A$2:$C$5566,3,0) -> TAPEROÁ | C998: =VLOOKUP(A998,Planilha2!$A$2:$D$5566,4,0) -> BA
A999: 290830 | B999: =VLOOKUP(A999,Planilha2!$A$2:$C$5566,3,0) -> CONCEIÇÃO DO ALMEIDA | C999: =VLOOKUP(A999,Planilha2!$A$2:$D$5566,4,0) -> BA
... A1204: 320013 | B1204: =VLOOKUP(A1204,Planilha2!$A$2:$C$5566,3,0) -> ÁGUIA BRANCA | C1204: =VLOOKUP(A1204,Planilha2!$A$2:$D$5566,4,0) -> ES
A1205: 320000 | B1205: =VLOOKUP(A1205,[1]IBGE!A$2:B$27,2,0) -> - | C1205: =VLOOKUP(A1205,[1]IBGE!A$2:C$27,3,0) -> ES
A1206: 320313 | B1206: =VLOOKUP(A1206,Planilha2!$A$2:$C$5566,3,0) -> JOÃO NEIVA | C1206: =VLOOKUP(A1206,Planilha2!$A$2:$D$5566,4,0) -> ES
A1207: 320455 | B1207: =VLOOKUP(A1207,Planilha2!$A$2:$C$5566,3,0) -> SANTA MARIA DE JETIBÁ | C1207: =VLOOKUP(A1207,Planilha2!$A$2:$D$5566,4,0) -> ES
A1208: 320270 | B1208: =VLOOKUP(A1208,Planilha2!$A$2:$C$5566,3,0) -> ITAGUAÇU | C1208: =VLOOKUP(A1208,Planilha2!$A$2:$D$5566,4,0) -> ES
A1209: 310000 | B1209: =VLOOKUP(A1209,[1]IBGE!A$2:B$27,2,0) -> - | C1209: =VLOOKUP(A1209,[1]IBGE!A$2:C$27,3,0) -> MG
A1210: 330285 | B1210: =VLOOKUP(A1210,Planilha2!$A$2:$C$5566,3,0) -> MESQUITA | C1210: =VLOOKUP(A1210,Planilha2!$A$2:$D$5566,4,0) -> RJ
A1211: 330320 | B1211: =VLOOKUP(A1211,Planilha2!$A$2:$C$5566,3,0) -> NILÓPOLIS | C1211: =VLOOKUP(A1211,Planilha2!$A$2:$D$5566,4,0) -> RJ
A1212: 330615 | B1212: =VLOOKUP(A1212,Planilha2!$A$2:$C$5566,3,0) -> VARRE-SAI | C1212: =VLOOKUP(A1212,Planilha2!$A$2:$D$5566,4,0) -> RJ
A1213: 330200 | B1213: =VLOOKUP(A1213,Planilha2!$A$2:$C$5566,3,0) -> ITAGUAÍ | C1213: =VLOOKUP(A1213,Planilha2!$A$2:$D$5566,4,0) -> RJ
A1214: 330620 | B1214: =VLOOKUP(A1214,Planilha2!$A$2:$C$5566,3,0) -> VASSOURAS | C1214: =VLOOKUP(A1214,Planilha2!$A$2:$D$5566,4,0) -> RJ
A1215: 330470 | B1215: =VLOOKUP(A1215,Planilha2!$A$2:$C$5566,3,0) -> SANTO ANTÔNIO DE PÁDUA | C1215: =VLOOKUP(A1215,Planilha2!$A$2:$D$5566,4,0) -> RJ
A1216: 330540 | B1216: =VLOOKUP(A1216,Planilha2!$A$2:$C$5566,3,0) -> SAPUCAIA | C1216: =VLOOKUP(A1216,Planilha2!$A$2:$D$5566,4,0) -> RJ
A1217: 330550 | B1217: =VLOOKUP(A1217,Planilha2!$A$2:$C$5566,3,0) -> SAQUAREMA | C1217: =VLOOKUP(A1217,Planilha2!$A$2:$D$5566,4,0) -> RJ
A1218: 330030 | B1218: =VLOOKUP(A1218,Planilha2!$A$2:$C$5566,3,0) -> BARRA DO PIRAÍ | C1218: =VLOOKUP(A1218,Planilha2!$A$2:$D$5566,4,0) -> RJ
A1219: 330520 | B1219: =VLOOKUP(A1219,Planilha2!$A$2:$C$5566,3,0) -> SÃO PEDRO DA ALDEIA | C1219: =VLOOKUP(A1219,Planilha2!$A$2:$D$5566,4,0) -> RJ
A1220: 330070 | B1220: =VLOOKUP(A1220,Planilha2!$A$2:$C$5566,3,0) -> CABO FRIO | C1220: =VLOOKUP(A1220,Planilha2!$A$2:$D$5566,4,0) -> RJ
A1221: 330460 | B1221: =VLOOKUP(A1221,Planilha2!$A$2:$C$5566,3,0) -> SANTA MARIA MADALENA | C1221: =VLOOKUP(A1221,Planilha2!$A$2:$D$5566,4,0) -> RJ
A1222: 330270 | B1222: =VLOOKUP(A1222,Planilha2!$A$2:$C$5566,3,0) -> MARICÁ | C1222: =VLOOKUP(A1222,Planilha2!$A$2:$D$5566,4,0) -> RJ
A1223: 330000 | B1223: =VLOOKUP(A1223,[1]IBGE!A$2:B$27,2,0) -> - | C1223: =VLOOKUP(A1223,[1]IBGE!A$2:C$27,3,0) -> RJ
A1224: 330330 | B1224: =VLOOKUP(A1224,Planilha2!$A$2:$C$5566,3,0) -> NITERÓI | C1224: =VLOOKUP(A1224,Planilha2!$A$2:$D$5566,4,0) -> RJ
A1225: 330555 | B1225: =VLOOKUP(A1225,Planilha2!$A$2:$C$5566,3,0) -> SEROPÉDICA | C1225: =VLOOKUP(A1225,Planilha2!$A$2:$D$5566,4,0) -> RJ
A1226: 330010 | B1226: =VLOOKUP(A1226,Planilha2!$A$2:$C$5566,3,0) -> ANGRA DOS REIS | C1226: =VLOOKUP(A1226,Planilha2!$A$2:$D$5566,4,0) -> RJ
A1227: 330240 | B1227: =VLOOKUP(A1227,Planilha2!$A$2:$C$5566,3,0) -> MACAÉ | C1227: =VLOOKUP(A1227,Planilha2!$A$2:$D$5566,4,0) -> RJ
A1228: 330452 | B1228: =VLOOKUP(A1228,Planilha2!$A$2:$C$5566,3,0) -> RIO DAS OSTRAS | C1228: =VLOOKUP(A1228,Planilha2!$A$2:$D$5566,4,0) -> RJ
A1229: 330480 | B1229: =VLOOKUP(A1229,Planilha2!$A$2:$C$5566,3,0) -> SÃO FIDÉLIS | C1229: =VLOOKUP(A1229,Planilha2!$A$2:$D$5566,4,0) -> RJ
A1230: 330225 | B1230: =VLOOKUP(A1230,Planilha2!$A$2:$C$5566,3,0) -> ITATIAIA | C1230: =VLOOKUP(A1230,Planilha2!$A$2:$D$5566,4,0) -> RJ
A1231: 330420 | B1231: =VLOOKUP(A1231,Planilha2!$A$2:$C$5566,3,0) -> RESENDE | C1231: =VLOOKUP(A1231,Planilha2!$A$2:$D$5566,4,0) -> RJ
A1232: 330187 | B1232: =VLOOKUP(A1232,Planilha2!$A$2:$C$5566,3,0) -> IGUABA GRANDE | C1232: =VLOOKUP(A1232,Planilha2!$A$2:$D$5566,4,0) -> RJ
A1233: 330115 | B1233: =VLOOKUP(A1233,Planilha2!$A$2:$C$5566,3,0) -> CARDOSO MOREIRA | C1233: =VLOOKUP(A1233,Planilha2!$A$2:$D$5566,4,0) -> RJ
A1234: 330580 | B1234: =VLOOKUP(A1234,Planilha2!$A$2:$C$5566,3,0) -> TERESÓPOLIS | C1234: =VLOOKUP(A1234,Planilha2!$A$2:$D$5566,4,0) -> RJ
A1235: 330100 | B1235: =VLOOKUP(A1235,Planilha2!$A$2:$C$5566,3,0) -> CAMPOS DOS GOYTACAZES | C1235: =VLOOKUP(A1235,Planilha2!$A$2:$D$5566,4,0) -> RJ
... A1350: 354100 | B1350: =VLOOKUP(A1350,Planilha2!$A$2:$C$5566,3,0) -> PRAIA GRANDE | C1350: =VLOOKUP(A1350,Planilha2!$A$2:$D$5566,4,0) -> SP
A1351: 350000 | B1351: =VLOOKUP(A1351,[1]IBGE!A$2:B$27,2,0) -> - | C1351: =VLOOKUP(A1351,[1]IBGE!A$2:C$27,3,0) -> SP
A1352: 350750 | B1352: =VLOOKUP(A1352,Planilha2!$A$2:$C$5566,3,0) -> BOTUCATU | C1352: =VLOOKUP(A1352,Planilha2!$A$2:$D$5566,4,0) -> SP
A1353: 350450 | B1353: =VLOOKUP(A1353,Planilha2!$A$2:$C$5566,3,0) -> AVARÉ | C1353: =VLOOKUP(A1353,Planilha2!$A$2:$D$5566,4,0) -> SP
A1354: 350360 | B1354: =VLOOKUP(A1354,Planilha2!$A$2:$C$5566,3,0) -> AREIÓPOLIS | C1354: =VLOOKUP(A1354,Planilha2!$A$2:$D$5566,4,0) -> SP
A1355: 350170 | B1355: =VLOOKUP(A1355,Planilha2!$A$2:$C$5566,3,0) -> AMÉRICO BRASILIENSE | C1355: =VLOOKUP(A1355,Planilha2!$A$2:$D$5566,4,0) -> SP
A1356: 354890 | B1356: =VLOOKUP(A1356,Planilha2!$A$2:$C$5566,3,0) -> SÃO CARLOS | C1356: =VLOOKUP(A1356,Planilha2!$A$2:$D$5566,4,0) -> SP
A1357: 355370 | B1357: =VLOOKUP(A1357,Planilha2!$A$2:$C$5566,3,0) -> TAQUARITINGA | C1357: =VLOOKUP(A1357,Planilha2!$A$2:$D$5566,4,0) -> SP
A1358: 351370 | B1358: =VLOOKUP(A1358,Planilha2!$A$2:$C$5566,3,0) -> DESCALVADO | C1358: =VLOOKUP(A1358,Planilha2!$A$2:$D$5566,4,0) -> SP
A1359: 354070 | B1359: =VLOOKUP(A1359,Planilha2!$A$2:$C$5566,3,0) -> PORTO FERREIRA | C1359: =VLOOKUP(A1359,Planilha2!$A$2:$D$5566,4,0) -> SP
A1360: 355270 | B1360: =VLOOKUP(A1360,Planilha2!$A$2:$C$5566,3,0) -> TABATINGA | C1360: =VLOOKUP(A1360,Planilha2!$A$2:$D$5566,4,0) -> SP
A1361: 351960 | B1361: =VLOOKUP(A1361,Planilha2!$A$2:$C$5566,3,0) -> IBITINGA | C1361: =VLOOKUP(A1361,Planilha2!$A$2:$D$5566,4,0) -> SP
A1362: 354850 | B1362: =VLOOKUP(A1362,Planilha2!$A$2:$C$5566,3,0) -> SANTOS | C1362: =VLOOKUP(A1362,Planilha2!$A$2:$D$5566,4,0) -> SP
A1363: 350960 | B1363: =VLOOKUP(A1363,Planilha2!$A$2:$C$5566,3,0) -> CAMPO LIMPO PAULISTA | C1363: =VLOOKUP(A1363,Planilha2!$A$2:$D$5566,4,0) -> SP
... A1705: 150040 | B1705: =VLOOKUP(A1705,Planilha2!$A$2:$C$5566,3,0) -> ALENQUER | C1705: =VLOOKUP(A1705,Planilha2!$A$2:$D$5566,4,0) -> PA
A1706: 150475 | B1706: =VLOOKUP(A1706,[1]IBGE!A$2:B$27,2,0) -> Mojuí dos Campos | C1706: =VLOOKUP(A1706,[1]IBGE!A$2:C$27,3,0) -> PA
A1707: 150293 | B1707: =VLOOKUP(A1707,Planilha2!$A$2:$C$5566,3,0) -> DOM ELISEU | C1707: =VLOOKUP(A1707,Planilha2!$A$2:$D$5566,4,0) -> PA
A1708: 150095 | B1708: =VLOOKUP(A1708,Planilha2!$A$2:$C$5566,3,0) -> AURORA DO PARÁ | C1708: =VLOOKUP(A1708,Planilha2!$A$2:$D$5566,4,0) -> PA
A1709: 150800 | B1709: =VLOOKUP(A1709,Planilha2!$A$2:$C$5566,3,0) -> TOMÉ-AÇU | C1709: =VLOOKUP(A1709,Planilha2!$A$2:$D$5566,4,0) -> PA
A1710: 150795 | B1710: =VLOOKUP(A1710,Planilha2!$A$2:$C$5566,3,0) -> TAILÂNDIA | C1710: =VLOOKUP(A1710,Planilha2!$A$2:$D$5566,4,0) -> PA
A1711: 150635 | B1711: =VLOOKUP(A1711,Planilha2!$A$2:$C$5566,3,0) -> SANTA BÁRBARA DO PARÁ | C1711: =VLOOKUP(A1711,Planilha2!$A$2:$D$5566,4,0) -> PA
A1712: 150430 | B1712: =VLOOKUP(A1712,Planilha2!$A$2:$C$5566,3,0) -> MARACANÃ | C1712: =VLOOKUP(A1712,Planilha2!$A$2:$D$5566,4,0) -> PA
A1713: 150820 | B1713: =VLOOKUP(A1713,Planilha2!$A$2:$C$5566,3,0) -> VIGIA | C1713: =VLOOKUP(A1713,Planilha2!$A$2:$D$5566,4,0) -> PA
A1714: 150803 | B1714: =VLOOKUP(A1714,Planilha2!$A$2:$C$5566,3,0) -> TRACUATEUA | C1714: =VLOOKUP(A1714,Planilha2!$A$2:$D$5566,4,0) -> PA
A1715: 150611 | B1715: =VLOOKUP(A1715,Planilha2!$A$2:$C$5566,3,0) -> QUATIPURU | C1715: =VLOOKUP(A1715,Planilha2!$A$2:$D$5566,4,0) -> PA
A1716: 150560 | B1716: =VLOOKUP(A1716,Planilha2!$A$2:$C$5566,3,0) -> PEIXE-BOI | C1716: =VLOOKUP(A1716,Planilha2!$A$2:$D$5566,4,0) -> PA
A1717: 150280 | B1717: =VLOOKUP(A1717,Planilha2!$A$2:$C$5566,3,0) -> CURRALINHO | C1717: =VLOOKUP(A1717,Planilha2!$A$2:$D$5566,4,0) -> PA
...

Sheet Planilha2
A1: iMunicipio_IBGE | B1: iMunicipio_SIACI | C1: vMunicipio | D1: cSG_UF | E1: vRegiao | F1: iPopulacao_Total | G1: iPorte_Municipio | H1: vRegiao_Metropolitana | I1: mLatitude | J1: mLongitude | K1: iAltitude | L1: iArea | M1: IDH
A2: 110002 | B2: 3026 | C2: ARIQUEMES | D2: RO | E2: ARIQUEMES | F2: 82388 | G2: 2 | H2: NULL | I2: -991300 | J2: -6304100 | K2: 142 | L2: 4426 | M2: NULL
A3: 110003 | B3: 8001 | C3: CABIXI | D3: RO | E3: COLORADO DO OESTE | F3: 6575 | G3: 1 | H3: NULL | I3: -1349200 | J3: -6054500 | K3: 230 | L3: 1314 | M3: NULL
A4: 110004 | B4: 3042 | C4: CACOAL | D4: RO | E4: CACOAL | F4: 76155 | G4: 2 | H4: NULL | I4: -1143800 | J4: -6144800 | K4: 200 | L4: 3792 | M4: NULL
A5: 110005 | B5: 12416 | C5: CEREJEIRAS | D5: RO | E5: COLORADO DO OESTE | F5: 16290 | G5: 1 | H5: NULL | I5: -1318900 | J5: -6081200 | K5: 277 | L5: 2783 | M5: NULL
A6: 110006 | B6: 3077 | C6: COLORADO DO OESTE | D6: RO | E6: COLORADO DO OESTE | F6: 17644 | G6: 1 | H6: NULL | I6: -1311700 | J6: -6054200 | K6: 460 | L6: 1451 | M6: NULL
A7: 110007 | B7: 49042 | C7: CORUMBIARA | D7: RO | E7: COLORADO DO OESTE | F7: 9476 | G7: 1 | H7: NULL | I7: -1296200 | J7: -6088700 | K7: 340 | L7: 3060 | M7: NULL
A8: 110008 | B8: 3085 | C8: COSTA MARQUES | D8: RO | E8: GUAJARA-MIRIM | F8: 13664 | G8: 1 | H8: NULL | I8: -1244500 | J8: -6422700 | K8: 140 | L8: 12722 | M8: NULL
A9: 110009 | B9: 3093 | C9: ESPIGÃO D`OESTE | D9: RO | E9: CACOAL | F9: 27867 | G9: 1 | H9: NULL | I9: -1152500 | J9: -6101300 | K9: 270 | L9: 4518 | M9: NULL
A10: 110010 | B10: 3018 | C10: GUAJARÁ-MIRIM | D10: RO | E10: GUAJARA-MIRIM | F10: 39451 | G10: 1 | H10: NULL | I10: -1078300 | J10: -6533900 | K10: 128 | L10: 24855 | M10: NULL
A11: 110011 | B11: 45306 | C11: JARU | D11: RO | E11: JI-PARANA | F11: 52453 | G11: 2 | H11: NULL | I11: -1043900 | J11: -6246600 | K11: 124 | L11: 2944 | M11: NULL
A12: 110012 | B12: 3034 | C12: JI-PARANÁ | D12: RO | E12: JI-PARANA | F12: 107679 | G12: 3 | H12: NULL | I12: -1088200 | J12: -6194400 | K12: 170 | L12: 6896 | M12: NULL
A13: 110013 | B13: 10685 | C13: MACHADINHO D`OESTE | D13: RO | E13: ARIQUEMES | F13: 31475 | G13: 1 | H13: NULL | I13: -944400 | J13: -6198100 | K13: 102 | L13: 8509 | M13: NULL
... A81: 130030 | B81: 3549 | C81: AUTAZES | D81: AM | E81: MANAUS | F81: 29907 | G81: 4 | H81: RM MANAUS | I81: -358000 | J81: -5913100 | K81: 36 | L81: 7599 | M81: NULL
A82: 130040 | B82: 3557 | C82: BARCELOS | D82: AM | E82: RIO NEGRO | F82: 24567 | G82: 1 | H82: NULL | I82: -0.97500 | J82: -6292400 | K82: 47 | L82: 122475 | M82: NULL
A83: 130050 | B83: 3565 | C83: BARREIRINHA | D83: AM | E83: PARINTINS | F83: 26645 | G83: 1 | H83: NULL | I83: -279300 | J83: -5707000 | K83: 19 | L83: 5750 | M83: NULL
A84: 130060 | B84: 3573 | C84: BENJAMIN CONSTANT | D84: AM | E84: ALTO SOLIMOES | F84: 29268 | G84: 1 | H84: NULL | I84: -438300 | J84: -7003100 | K84: 65 | L84: 8793 | M84: NULL
A85: 130063 | B85: 3131 | C85: BERURI | D85: AM | E85: COARI | F85: 13809 | G85: 1 | H85: NULL | I85: -389800 | J85: -6137300 | K85: 35 | L85: 17251 | M85: NULL
A86: 130068 | B86: 3158 | C86: BOA VISTA DO RAMOS | D86: AM | E86: PARINTINS | F86: 13138 | G86: 1 | H86: NULL | I86: -297000 | J86: -5759000 | K86: 32 | L86: 2586 | M86: NULL
A87: 130070 | B87: 3581 | C87: BOCA DO ACRE | D87: AM | E87: BOCA DO ACRE | F87: 29818 | G87: 1 | H87: NULL | I87: -875200 | J87: -6739800 | K87: 116 | L87: 22348 | M87: NULL
A88: 130080 | B88: 3590 | C88: BORBA | D88: AM | E88: MADEIRA | F88: 31098 | G88: 1 | H88: NULL | I88: -438800 | J88: -5959400 | K88: 45 | L88: 44251 | M88: NULL
A89: 130083 | B89: 3166 | C89: CAAPIRANGA | D89: AM | E89: COARI | F89: 10547 | G89: 1 | H89: NULL | I89: -332800 | J89: -6120900 | K89: 32 | L89: 9456 | M89: NULL
A90: 130090 | B90: 3603 | C90: CANUTAMA | D90: AM | E90: PURUS | F90: 11463 | G90: 1 | H90: NULL | I90: -653400 | J90: -6438300 | K90: 55 | L90: 29819 | M90: NULL
A91: 130100 | B91: 3611 | C91: CARAUARI | D91: AM | E91: JURUA | F91: 25110 | G91: 1 | H91: NULL | I91: -488300 | J91: -6689600 | K91: 87 | L91: 25767 | M91: NULL
A92: 130110 | B92: 3620 | C92: CAREIRO | D92: AM | E92: MANAUS | F92: 31070 | G92: 4 | H92: RM MANAUS | I92: -376800 | J92: -6036900 | K92: 27 | L92: 6091 | M92: NULL
A93: 130115 | B93: 27383 | C93: CAREIRO DA VÁRZEA | D93: AM | E93: MANAUS | F93: 23023 | G93: 4 | H93: RM MANAUS | I93: -322100 | J93: -5982600 | K93: 25 | L93: 2631 | M93: NULL
A94: 130120 | B94: 3638 | C94: COARI | D94: AM | E94: COARI | F94: 65222 | G94: 2 | H94: NULL | I94: -408500 | J94: -6314100 | K94: 10 | L94: 57921 | M94: NULL
... A123: 130356 | B123: 4880 | C123: RIO PRETO DA EVA | D123: AM | E123: RIO PRETO DA EVA | F123: 24858 | G123: 4 | H123: RM MANAUS | I123: -269900 | J123: -5970000 | K123: 47 | L123: 5813 | M123: NULL
A124: 130360 | B124: 3697 | C124: SANTA ISABEL DO RIO NEGRO | D124: AM | E124: RIO NEGRO | F124: 16921 | G124: 1 | H124: NULL | I124: -0.41400 | J124: -6501900 | K124: 60 | L124: 62846 | M124: NULL
A125: 130370 | B125: 3867 | C125: SANTO ANTÔNIO DO IÇÁ | D125: AM | E125: ALTO SOLIMOES | F125: 29249 | G125: 1 | H125: NULL | I125: -310200 | J125: -6794000 | K125: 91 | L125: 12307 | M125: NULL
A126: 130380 | B126: 3875 | C126: SÃO GABRIEL DA CACHOEIRA | D126: AM | E126: RIO NEGRO | F126: 39129 | G126: 1 | H126: NULL | I126: -0.13000 | J126: -6708900 | K126: 132 | L126: 109184 | M126: NULL
A127: 130390 | B127: 3883 | C127: SÃO PAULO DE OLIVENÇA | D127: AM | E127: ALTO SOLIMOES | F127: 30727 | G127: 1 | H127: NULL | I127: -337800 | J127: -6887300 | K127: 102 | L127: 19745 | M127: NULL
A128: 130395 | B128: 4898 | C128: SÃO SEBASTIÃO DO UATUMÃ | D128: AM | E128: PARINTINS | F128: 8731 | G128: 1 | H128: NULL | I128: -257200 | J128: -5787100 | K128: 24 | L128: 10741 | M128: NULL
A129: 130400 | B129: 3891 | C129: SILVES | D129: AM | E129: ITACOATIARA | F129: 8211 | G129: 4 | H129: RM MANAUS | I129: -283900 | J129: -5820900 | K129: 46 | L129: 3748 | M129: NULL
A130: 130406 | B130: 4910 | C130: TABATINGA | D130: AM | E130: ALTO SOLIMOES | F130: 45293 | G130: 1 | H130: NULL | I130: -425300 | J130: -6993800 | K130: 60 | L130: 3225 | M130: NULL
A131: 130410 | B131: 3905 | C131: TAPAUÁ | D131: AM | E131: PURUS | F131: 19453 | G131: 1 | H131: NULL | I131: -562800 | J131: -6318300 | K131: 54 | L131: 89324 | M131: NULL
A132: 130420 | B132: 3913 | C132: TEFÉ | D132: AM | E132: TEFE | F132: 62920 | G132: 2 | H132: NULL | I132: -335400 | J132: -6471100 | K132: 75 | L132: 23704 | M132: NULL
A133: 130423 | B133: 4936 | C133: TONANTINS | D133: AM | E133: ALTO SOLIMOES | F133: 19090 | G133: 1 | H133: NULL | I133: -287300 | J133: -6780200 | K133: 55 | L133: 6432 | M133: NULL
A134: 130426 | B134: 4944 | C134: UARINI | D134: AM | E134: TEFE | F134: 9859 | G134: 1 | H134: NULL | I134: -299000 | J134: -6510800 | K134: 60 | L134: 10246 | M134: NULL
A135: 130430 | B135: 3921 | C135: URUCARÁ | D135: AM | E135: PARINTINS | F135: 15716 | G135: 1 | H135: NULL | I135: -253600 | J135: -5776000 | K135: 26 | L135: 27904 | M135: NULL
A136: 130440 | B136: 3930 | C136: URUCURITUBA | D136: AM | E136: ITACOATIARA | F136: 17184 | G136: 1 | H136: NULL | I136: -313100 | J136: -5815500 | K136: 40 | L136: 2906 | M136: NULL
A137: 140002 | B137: 54364 | C137: AMAJARI | D137: RR | E137: BOA VISTA | F137: 7586 | G137: 1 | H137: NULL | I137: 365200 | J137: -6137100 | K137: 100 | L137: 28472 | M137: NULL
A138: 140005 | B138: 4952 | C138: ALTO ALEGRE | D138: RR | E138: BOA VISTA | F138: 14386 | G138: 1 | H138: NULL | I138: 298000 | J138: -6129200 | K138: 72 | L138: 25566 | M138: NULL
... A142: 140020 | B142: 3115 | C142: CARACARAÍ | D142: RR | E142: CARACARAI | F142: 17981 | G142: 1 | H142: NULL | I142: 181600 | J142: -6112800 | K142: 52 | L142: 47410 | M142: NULL
A143: 140023 | B143: 54380 | C143: CAROEBE | D143: RR | E143: SUDESTE DE RORAIMA | F143: 7086 | G143: 1 | H143: NULL | I143: 0.88400 | J143: -5969600 | K143: 135 | L143: 12065 | M143: NULL
A144: 140028 | B144: 54399 | C144: IRACEMA | D144: RR | E144: CARACARAI | F144: 5863 | G144: 1 | H144: NULL | I144: 218200 | J144: -6104100 | K144: 80 | L144: 14119 | M144: NULL
A145: 140030 | B145: 4979 | C145: MUCAJAÍ | D145: RR | E145: CARACARAI | F145: 12546 | G145: 1 | H145: NULL | I145: 243000 | J145: -6090000 | K145: 70 | L145: 12751 | M145: NULL
A146: 140040 | B146: 4987 | C146: NORMANDIA | D146: RR | E146: NORDESTE DE RORAIMA | F146: 7118 | G146: 1 | H146: NULL | I146: 388100 | J146: -5962300 | K146: 100 | L146: 6966 | M146: NULL
A147: 140045 | B147: 54402 | C147: PACARAIMA | D147: RR | E147: BOA VISTA | F147: 8640 | G147: 1 | H147: NULL | I147: 443100 | J147: -6114600 | K147: 920 | L147: 8028 | M147: NULL
A148: 140047 | B148: 54410 | C148: RORAINÓPOLIS | D148: RR | E148: SUDESTE DE RORAIMA | F148: 24466 | G148: 1 | H148: NULL | I148: 0.94600 | J148: -6041800 | K148: 98 | L148: 33593 | M148: NULL
A149: 140050 | B149: 4995 | C149: SÃO JOÃO DA BALIZA | D149: RR | E149: SUDESTE DE RORAIMA | F149: 5727 | G149: 1 | H149: NULL | I149: 0.95100 | J149: -5991100 | K149: 255 | L149: 4284 | M149: NULL
A150: 140060 | B150: 6335 | C150: SÃO LUIZ | D150: RR | E150: SUDESTE DE RORAIMA | F150: 5720 | G150: 1 | H150: NULL | I150: 100500 | J150: -6015900 | K150: 52 | L150: 1526 | M150: NULL
A151: 140070 | B151: 54429 | C151: UIRAMUTÃ | D151: RR | E151: NORDESTE DE RORAIMA | F151: 7403 | G151: 1 | H151: NULL | I151: 459600 | J151: -6016800 | K151: 0 | L151: 8065 | M151: NULL
A152: 150010 | B152: 4014 | C152: ABAETETUBA | D152: PA | E152: CAMETA | F152: 132222 | G152: 3 | H152: NULL | I152: -171800 | J152: -4888300 | K152: 10 | L152: 1610 | M152: NULL
A153: 150013 | B153: 49280 | C153: ABEL FIGUEIREDO | D153: PA | E153: PARAGOMINAS | F153: 6592 | G153: 1 | H153: NULL | I153: -495400 | J153: -4839300 | K153: 0 | L153: 614 | M153: NULL
A154: 150020 | B154: 4022 | C154: ACARÁ | D154: PA | E154: TOME-AÇU | F154: 47923 | G154: 1 | H154: NULL | I154: -196100 | J154: -4819700 | K154: 25 | L154: 4343 | M154: NULL
A155: 150030 | B155: 4030 | C155: AFUÁ | D155: PA | E155: FUROS DE BREVES | F155: 31183 | G155: 1 | H155: NULL | I155: -0.15700 | J155: -5038700 | K155: 8 | L155: 8372 | M155: NULL
A156: 150034 | B156: 49298 | C156: ÁGUA AZUL DO NORTE | D156: PA | E156: PARAUAPEBAS | F156: 28658 | G156: 1 | H156: NULL | I156: -679100 | J156: -5046700 | K156: 0 | L156: 7576 | M156: NULL
A157: 150040 | B157: 4049 | C157: ALENQUER | D157: PA | E157: SANTAREM | F157: 52661 | G157: 2 | H157: NULL | I157: -194200 | J157: -5473800 | K157: 52 | L157: 22282 | M157: NULL
A158: 150050 | B158: 4057 | C158: ALMEIRIM | D158: PA | E158: ALMEIRIM | F158: 30903 | G158: 1 | H158: NULL | I158: -152300 | J158: -5258200 | K158: 65 | L158: 72960 | M158: NULL
A159: 150060 | B159: 4065 | C159: ALTAMIRA | D159: PA | E159: ALTAMIRA | F159: 92105 | G159: 2 | H159: NULL | I159: -320300 | J159: -5220600 | K159: 109 | L159: 159695 | M159: NULL
A160: 150070 | B160: 4073 | C160: ANAJÁS | D160: PA | E160: FUROS DE BREVES | F160: 24942 | G160: 1 | H160: NULL | I160: -0.98700 | J160: -4994000 | K160: 10 | L160: 6921 | M160: NULL
A161: 150080 | B161: 4081 | C161: ANANINDEUA | D161: PA | E161: BELEM | F161: 484278 | G161: 4 | H161: RM BELÉM | I161: -136600 | J161: -4837200 | K161: 17 | L161: 185 | M161: NULL
A162: 150085 | B162: 56910 | C162: ANAPU | D162: PA | E162: ALTAMIRA | F162: 17787 | G162: 1 | H162: NULL | I162: -347200 | J162: -5119800 | K162: 96 | L162: 11895 | M162: NULL
A163: 150090 | B163: 4090 | C163: AUGUSTO CORRÊA | D163: PA | E163: BRAGANTINA | F163: 37086 | G163: 1 | H163: NULL | I163: -102200 | J163: -4664500 | K163: 20 | L163: 1091 | M163: NULL
A164: 150095 | B164: 49301 | C164: AURORA DO PARÁ | D164: PA | E164: GUAMA | F164: 21239 | G164: 1 | H164: NULL | I164: -213400 | J164: -4756300 | K164: 50 | L164: 1811 | M164: NULL
A165: 150100 | B165: 4103 | C165: AVEIRO | D165: PA | E165: ITAITUBA | F165: 18830 | G165: 1 | H165: NULL | I165: -360600 | J165: -5533200 | K165: 28 | L165: 17074 | M165: NULL
A166: 150110 | B166: 4111 | C166: BAGRE | D166: PA | E166: PORTEL | F166: 18580 | G166: 1 | H166: NULL | I166: -190000 | J166: -5016400 | K166: 31 | L166: 4397 | M166: NULL
A167: 150120 | B167: 4120 | C167: BAIÃO | D167: PA | E167: CAMETA | F167: 26190 | G167: 1 | H167: NULL | I167: -279100 | J167: -4967200 | K167: 30 | L167: 3758 | M167: NULL
A168: 150125 | B168: 56928 | C168: BANNACH | D168: PA | E168: SAO FELIX DO XINGU | F168: 3812 | G168: 1 | H168: NULL | I168: -734800 | J168: -5039600 | K168: 420 | L168: 2956 | M168: NULL
A169: 150130 | B169: 4138 | C169: BARCARENA | D169: PA | E169: BELEM | F169: 84560 | G169: 2 | H169: NULL | I169: -150600 | J169: -4862600 | K169: 15 | L169: 1310 | M169: NULL
A170: 150140 | B170: 4006 | C170: BELÉM | D170: PA | E170: BELEM | F170: 1408847 | G170: 5 | H170: RM BELÉM | I170: -145600 | J170: -4850400 | K170: 10 | L170: 1064 | M170: NULL
A171: 150145 | B171: 56936 | C171: BELTERRA | D171: PA | E171: SANTAREM | F171: 12707 | G171: 1 | H171: NULL | I171: -263600 | J171: -5493700 | K171: 152 | L171: 4398 | M171: NULL
A172: 150150 | B172: 4146 | C172: BENEVIDES | D172: PA | E172: BELEM | F172: 43282 | G172: 4 | H172: RM BELÉM | I172: -136100 | J172: -4824500 | K172: 28 | L172: 187 | M172: NULL
... A187: 150240 | B187: 4235 | C187: CASTANHAL | D187: PA | E187: CASTANHAL | F187: 152126 | G187: 3 | H187: NULL | I187: -129700 | J187: -4792200 | K187: 41 | L187: 1029 | M187: NULL
A188: 150250 | B188: 4243 | C188: CHAVES | D188: PA | E188: ARARI | F188: 19368 | G188: 1 | H188: NULL | I188: -0.16000 | J188: -4998800 | K188: 6 | L188: 13084 | M188: NULL
A189: 150260 | B189: 4251 | C189: COLARES | D189: PA | E189: SALGADO | F189: 10981 | G189: 1 | H189: NULL | I189: -0.93700 | J189: -4828200 | K189: 15 | L189: 609 | M189: NULL
A190: 150270 | B190: 4260 | C190: CONCEIÇÃO DO ARAGUAIA | D190: PA | E190: CONCEIÇAO DO ARAGUAIA | F190: 45267 | G190: 1 | H190: NULL | I190: -825800 | J190: -4926500 | K190: 165 | L190: 5829 | M190: NULL
A191: 150275 | B191: 28053 | C191: CONCÓRDIA DO PARÁ | D191: PA | E191: TOME-AÇU | F191: 21422 | G191: 1 | H191: NULL | I191: -199100 | J191: -4794900 | K191: 440 | L191: 690 | M191: NULL
A192: 150276 | B192: 49336 | C192: CUMARU DO NORTE | D192: PA | E192: SAO FELIX DO XINGU | F192: 10452 | G192: 1 | H192: NULL | I192: -782500 | J192: -5077300 | K192: 299 | L192: 17084 | M192: NULL
A193: 150277 | B193: 28061 | C193: CURIONÓPOLIS | D193: PA | E193: PARAUAPEBAS | F193: 17769 | G193: 1 | H193: NULL | I193: -609100 | J193: -4954100 | K193: 180 | L193: 2368 | M193: NULL
A194: 150280 | B194: 4278 | C194: CURRALINHO | D194: PA | E194: FUROS DE BREVES | F194: 25388 | G194: 1 | H194: NULL | I194: -181400 | J194: -4979500 | K194: 15 | L194: 3617 | M194: NULL
A195: 150285 | B195: 56960 | C195: CURUÁ | D195: PA | E195: SANTAREM | F195: 11928 | G195: 1 | H195: NULL | I195: -188800 | J195: -5511700 | K195: 0 | L195: 1431 | M195: NULL
A196: 150290 | B196: 4286 | C196: CURUÇÁ | D196: PA | E196: SALGADO | F196: 33768 | G196: 1 | H196: NULL | I196: -0.73400 | J196: -4785500 | K196: 37 | L196: 672 | M196: NULL
A197: 150293 | B197: 28070 | C197: DOM ELISEU | D197: PA | E197: PARAGOMINAS | F197: 38150 | G197: 1 | H197: NULL | I197: -428500 | J197: -4750500 | K197: 180 | L197: 5267 | M197: NULL
A198: 150295 | B198: 49344 | C198: ELDORADO DOS CARAJÁS | D198: PA | E198: PARAUAPEBAS | F198: 28554 | G198: 1 | H198: NULL | I198: -610400 | J198: -4935500 | K198: 140 | L198: 2956 | M198: NULL
A199: 150300 | B199: 4294 | C199: FARO | D199: PA | E199: OBIDOS | F199: 17253 | G199: 1 | H199: NULL | I199: -217100 | J199: -5674500 | K199: 31 | L199: 11766 | M199: NULL
A200: 150304 | B200: 56979 | C200: FLORESTA DO ARAGUAIA | D200: PA | E200: CONCEIÇAO DO ARAGUAIA | F200: 14964 | G200: 1 | H200: NULL | I200: -755400 | J200: -4971300 | K200: 190 | L200: 3444 | M200: NULL
A201: 150307 | B201: 28088 | C201: GARRAFÃO DO NORTE | D201: PA | E201: GUAMA | F201: 24619 | G201: 1 | H201: NULL | I201: -193400 | J201: -4705300 | K201: 56 | L201: 1604 | M201: NULL
A202: 150309 | B202: 49352 | C202: GOIANÉSIA DO PARÁ | D202: PA | E202: PARAGOMINAS | F202: 27166 | G202: 1 | H202: NULL | I202: -384300 | J202: -4909700 | K202: 103 | L202: 7021 | M202: NULL
A203: 150310 | B203: 4308 | C203: GURUPÁ | D203: PA | E203: PORTEL | F203: 24384 | G203: 1 | H203: NULL | I203: -140500 | J203: -5164000 | K203: 20 | L203: 8540 | M203: NULL
A204: 150320 | B204: 4316 | C204: IGARAPÉ-AÇU | D204: PA | E204: BRAGANTINA | F204: 33778 | G204: 1 | H204: NULL | I204: -112700 | J204: -4761800 | K204: 50 | L204: 785 | M204: NULL
A205: 150330 | B205: 4324 | C205: IGARAPÉ-MIRI | D205: PA | E205: CAMETA | F205: 54673 | G205: 2 | H205: NULL | I205: -197500 | J205: -4896000 | K205: 17 | L205: 1996 | M205: NULL
A206: 150340 | B206: 4332 | C206: INHANGAPI | D206: PA | E206: CASTANHAL | F206: 9592 | G206: 1 | H206: NULL | I206: -143000 | J206: -4791700 | K206: 35 | L206: 471 | M206: NULL
A207: 150345 | B207: 49360 | C207: IPIXUNA DO PARÁ | D207: PA | E207: GUAMA | F207: 39563 | G207: 1 | H207: NULL | I207: -255800 | J207: -4749400 | K207: 50 | L207: 5216 | M207: NULL
A208: 150350 | B208: 4340 | C208: IRITUIA | D208: PA | E208: GUAMA | F208: 29746 | G208: 1 | H208: NULL | I208: -176900 | J208: -4743900 | K208: 25 | L208: 1379 | M208: NULL
... A215: 150405 | B215: 28096 | C215: MÃE DO RIO | D215: PA | E215: GUAMA | F215: 27614 | G215: 1 | H215: NULL | I215: -206000 | J215: -4755300 | K215: 25 | L215: 469 | M215: NULL
A216: 150410 | B216: 4405 | C216: MAGALHÃES BARATA | D216: PA | E216: SALGADO | F216: 7650 | G216: 1 | H216: NULL | I216: -0.79500 | J216: -4759800 | K216: 50 | L216: 324 | M216: NULL
A217: 150420 | B217: 4413 | C217: MARABÁ | D217: PA | E217: MARABA | F217: 196468 | G217: 3 | H217: NULL | I217: -536900 | J217: -4911800 | K217: 84 | L217: 15092 | M217: NULL
A218: 150430 | B218: 4421 | C218: MARACANÃ | D218: PA | E218: SALGADO | F218: 28296 | G218: 1 | H218: NULL | I218: -0.76500 | J218: -4745000 | K218: 45 | L218: 780 | M218: NULL
...
